Date,Merchant,Amount,","
11/17/24,SALES,5837455.49,","
10/14/23,AMAZON,20674.91,","
9/22/23,UBER,38054.57,","
4/17/22,SHELL,81192.43,","
12/13/22,TIKTOK ADS,91201.62,","
7/3/23,META ADS,3534.31,","
7/17/20,META ADS,39402.53,","
8/11/22,PACKAGING SUPPLIES DIRECT,82016.6,","
6/19/25,DHL EXPRESS,4383424.66,","
9/20/20,GUSTO,54989.43,","
7/23/25,ADOBE CREATIVE CLOUD,9534.04,","
9/25/24,SLACK,46949.53,","
1/14/26,ADOBE CREATIVE CLOUD,41793.13,","
7/9/21,MICROSOFT 365,17807.55,","
6/10/23,TIKTOK ADS,3541.5,","
9/25/22,STRIPE PAYMENTS,57965.72,","
10/14/23,AMAZON,9872917.46,","
1/26/23,GUSTO,36905.95,","
11/28/23,STRIPE PAYMENTS,35634.35,","
2/14/22,ALIBABA.COM,47243.29,","
2/28/22,HMRC VAT,54465.59,","
9/5/20,REGUS,85080.81,","
9/30/21,HMRC VAT,1747.78,","
2/18/23,PACKAGING SUPPLIES DIRECT,84193.25,","
2/6/23,DHL EXPRESS,2281116.24,","
1/17/21,BRITISH GAS,36066.61,","
4/22/23,AMAZON,43068.87,","
11/14/22,TIKTOK ADS,64585.35,","
6/16/23,ALIBABA.COM,22300.96,","
2/24/22,STRIPE PAYMENTS,2107.11,","
1/22/21,GUSTO,3444.89,","
1/12/25,ADOBE CREATIVE CLOUD,95616.87,","
11/14/21,ADOBE CREATIVE CLOUD,2232320.01,","
3/5/22,HMRC VAT,31463.1,","
6/18/22,SHELL,35515.21,","
5/12/22,MICROSOFT 365,99072.1,","
10/27/21,DHL EXPRESS,33730.33,","
11/18/20,GUSTO,26996.27,","
5/30/25,TIKTOK ADS,61982.22,","
5/21/25,ADOBE CREATIVE CLOUD,43792.55,","
10/3/22,ROYAL MAIL,6199247.73,","
7/26/22,META ADS,37018.17,","
12/28/24,DHL EXPRESS,19187.84,","
7/4/25,ROYAL MAIL,95916.29,","
9/1/25,STRIPE PAYMENTS,52343.16,","
4/15/21,DHL EXPRESS,814.97,","
11/21/20,GUSTO,59534.01,","
2/19/22,REGUS,49347.12,","
5/1/22,TIKTOK ADS,4233006.81,","
9/25/24,UBER,35026.14,","
3/23/21,HMRC VAT,85857.39,","
4/14/22,META ADS,10868.64,","
2/22/20,AMAZON,79874.15,","
1/31/20,SHOPIFY PAYOUT,9959.62,","
11/13/23,SHOPIFY PAYOUT,47046.03,","
5/30/22,GUSTO,16552.34,","
8/22/22,ROYAL MAIL,5487384.32,","
6/13/21,SALES,84903.21,","
4/13/20,REGUS,10447.85,","
11/22/21,UBER,48522.15,","
6/25/22,STAPLES,73280.81,","
4/13/23,AMAZON,24667.39,","
4/27/21,META ADS,62590.17,","
3/15/25,SALES,25047.27,","
10/12/21,TIKTOK ADS,2135619.55,","
4/25/25,GOOGLE ADS,65481.04,","
12/2/22,META ADS,40764.03,","
1/27/22,SALES,81087.78,","
11/8/25,ADOBE CREATIVE CLOUD,76599.33,","
3/22/26,STAPLES,65534.99,","
6/23/24,ADOBE CREATIVE CLOUD,17948.96,","
8/28/21,GUSTO,9832.83,","
1/30/24,UBER,6276843.62,","
1/27/21,DHL EXPRESS,28340.37,","
4/25/22,HMRC VAT,89283.68,","
8/7/21,AMAZON,66755.72,","
8/28/21,TIKTOK ADS,70676.37,","
9/23/25,SHELL,4060.54,","
5/31/21,META ADS,61315.97,","
8/12/24,ROYAL MAIL,67714.24,","
7/9/21,SHELL,1030312.2,","
12/28/20,GOOGLE ADS,1957.78,","
3/30/21,GOOGLE ADS,68297.41,","
1/12/25,SALES,33895.2,","
2/5/25,TIKTOK ADS,60882.1,","
7/26/22,SALES,93545.5,","
3/2/23,AMAZON,91134.24,","
7/12/24,HMRC VAT,80025.59,","
8/19/22,GOOGLE ADS,7890992.28,","
1/14/21,GOOGLE ADS,79159.18,","
2/19/26,GOOGLE ADS,99811.39,","
9/8/25,PACKAGING SUPPLIES DIRECT,30503.42,","
6/26/20,PACKAGING SUPPLIES DIRECT,74633.61,","
8/24/22,STRIPE PAYMENTS,27287.94,","
8/25/23,SALES,89000.05,","
6/1/20,TIKTOK ADS,94827.55,","
9/11/25,SHOPIFY PAYOUT,5553745.05,","
12/18/21,BRITISH GAS,81385.71,","
1/6/22,SLACK,93499.31,","
11/21/24,HMRC VAT,61634.21,","
11/2/20,SHELL,78921.09,","
2/14/22,ALIBABA.COM,75881.52,","
4/8/25,UBER,68229.9,","
5/11/20,ADOBE CREATIVE CLOUD,81030.96,","
4/15/24,ADOBE CREATIVE CLOUD,9777354.24,","
7/4/20,AMAZON,18015.92,","
4/25/22,ROYAL MAIL,87594.86,","
12/21/25,SALES,55302.95,","
7/2/23,GOOGLE ADS,78609.17,","
11/25/22,UBER,85402.49,","
10/18/20,HMRC PAYE,71039.92,","
12/31/25,GOOGLE ADS,19869.6,","
4/3/21,ROYAL MAIL,2480195.96,","
10/29/23,STAPLES,71312.35,","
3/22/20,PACKAGING SUPPLIES DIRECT,44974.89,","
6/26/22,MICROSOFT 365,31295.83,","
12/2/25,SHELL,22237.82,","
9/14/20,ROYAL MAIL,86421.52,","
12/3/20,SHELL,10221.33,","
8/21/25,SLACK,26134.79,","
8/13/23,REGUS,7973154.57,","
10/14/24,HMRC VAT,87960.22,","
7/2/22,DHL EXPRESS,83778.1,","
5/9/23,HMRC VAT,43225.28,","
10/20/24,META ADS,10980.42,","
12/1/22,TIKTOK ADS,37639.14,","
1/5/24,AMAZON,31853.64,","
6/8/24,MICROSOFT 365,52975.25,","
3/13/23,AMAZON,417005.81,","
11/21/25,HMRC VAT,52960.16,","
7/21/25,DHL EXPRESS,76376.01,","
4/3/24,DHL EXPRESS,79721.26,","
7/24/22,SHELL,25647.52,","
9/11/24,REGUS,92893.28,","
5/29/20,AMAZON,40577.7,","
7/6/23,ADOBE CREATIVE CLOUD,60235.51,","
12/25/21,MICROSOFT 365,837444.15,","
12/3/25,STAPLES,41059.35,","
5/6/25,MICROSOFT 365,45194.49,","
7/22/22,DHL EXPRESS,95810.58,","
7/11/21,DHL EXPRESS,51578.28,","
5/7/23,STRIPE PAYMENTS,46020.29,","
11/15/21,STRIPE PAYMENTS,10041.19,","
11/10/23,SHELL,44398.47,","
10/11/25,SLACK,2685082.73,","
9/12/22,GOOGLE ADS,93042.52,","
1/12/25,ROYAL MAIL,34994.68,","
12/10/21,HMRC VAT,34083.26,","
1/12/24,SHELL,11795.13,","
6/4/23,TIKTOK ADS,7584.54,","
2/11/24,SLACK,94932.87,","
10/31/20,SHOPIFY PAYOUT,59908.37,","
12/1/22,META ADS,2155689.12,","
2/17/23,PACKAGING SUPPLIES DIRECT,77090.18,","
7/25/22,ROYAL MAIL,65998.41,","
6/19/24,AMAZON,71648.69,","
11/24/21,META ADS,32244.82,","
8/3/22,MICROSOFT 365,59984.98,","
12/24/24,SHOPIFY PAYOUT,63068.17,","
3/31/23,HMRC VAT,23627.31,","
1/3/24,GOOGLE ADS,6971178.95,","
11/27/23,ADOBE CREATIVE CLOUD,82461.26,","
4/18/24,SLACK,48964.81,","
12/8/20,PACKAGING SUPPLIES DIRECT,12243.18,","
12/11/20,ALIBABA.COM,83510.62,","
6/18/25,TIKTOK ADS,46761.27,","
2/8/24,SHOPIFY PAYOUT,45556.3,","
6/12/21,REGUS,36345.94,","
8/2/23,TIKTOK ADS,8634605.64,","
5/19/20,SHELL,13503.92,","
3/25/26,STRIPE PAYMENTS,64705.03,","
10/25/25,AMAZON,93455.47,","
1/16/23,DHL EXPRESS,35565.5,","
9/11/23,MICROSOFT 365,49747.94,","
4/11/22,HMRC VAT,25613.48,","
5/8/20,SHOPIFY PAYOUT,24522.69,","
1/6/24,TIKTOK ADS,9539990.35,","
1/12/23,META ADS,5186.61,","
3/13/24,TIKTOK ADS,12522.05,","
6/24/24,AMAZON,93030.12,","
9/24/21,UBER,10840.48,","
12/5/24,META ADS,99963.34,","
3/3/21,ALIBABA.COM,90261.6,","
8/14/25,STAPLES,37984.48,","
11/8/22,ALIBABA.COM,2410925.04,","
11/29/23,UBER,47585.14,","
7/22/20,MICROSOFT 365,57790.99,","
8/19/23,SHELL,4985.17,","
10/22/20,GOOGLE ADS,76097.79,","
5/13/24,ADOBE CREATIVE CLOUD,54776.74,","
1/12/26,HMRC PAYE,11168.27,","
11/18/21,GOOGLE ADS,42141.02,","
6/19/21,SHOPIFY PAYOUT,6977909.1,","
12/24/20,SLACK,12273.72,","
1/3/24,PACKAGING SUPPLIES DIRECT,15902.35,","
8/24/24,HMRC VAT,14726.65,","
11/12/21,TIKTOK ADS,27551.81,","
4/6/24,PACKAGING SUPPLIES DIRECT,4752.39,","
5/21/21,ROYAL MAIL,70495.94,","
2/1/21,REGUS,37493.33,","
9/1/24,HMRC VAT,8544258.19,","
9/27/25,BRITISH GAS,15995.44,","
9/25/22,PACKAGING SUPPLIES DIRECT,99389.1,","
6/5/20,STRIPE PAYMENTS,17431.45,","
12/3/21,REGUS,73889.12,","
1/6/21,MICROSOFT 365,64989.39,","
12/27/23,HMRC PAYE,46121.9,","
1/20/23,UBER,49291.37,","
9/17/24,STRIPE PAYMENTS,889815.18,","
1/12/26,GUSTO,83544.46,","
4/20/21,REGUS,84423.73,","
3/14/21,DHL EXPRESS,92391.64,","
7/21/23,SHOPIFY PAYOUT,47509.52,","
4/6/23,STRIPE PAYMENTS,11498.41,","
6/25/25,TIKTOK ADS,88299.09,","
9/14/23,SLACK,41229.48,","
4/9/23,META ADS,702748.34,","
3/30/24,SLACK,15743.75,","
1/23/23,DHL EXPRESS,40596.33,","
1/30/24,SHOPIFY PAYOUT,10896.74,","
2/25/26,TIKTOK ADS,22805.26,","
8/28/22,MICROSOFT 365,27257.4,","
10/14/22,BRITISH GAS,52742.62,","
4/10/25,PACKAGING SUPPLIES DIRECT,11960.76,","
9/13/22,META ADS,441507.52,","
8/5/22,SLACK,99254.99,","
12/27/24,GUSTO,65183.56,","
7/19/22,STAPLES,23118.51,","
2/15/25,SHELL,208.14,","
11/15/25,SHOPIFY PAYOUT,16993.64,","
6/15/20,GOOGLE ADS,15649.21,","
7/1/21,HMRC PAYE,54135.73,","
2/25/22,SHELL,4881268.48,","
7/27/24,UBER,33926.41,","
9/8/24,META ADS,89488.06,","
7/24/25,HMRC PAYE,89107.62,","
1/1/22,HMRC VAT,87966.93,","
6/14/22,PACKAGING SUPPLIES DIRECT,70157.67,","
1/13/20,SALES,87489.29,","
3/23/21,ADOBE CREATIVE CLOUD,21840.29,","
2/5/24,SHELL,3127953.86,","
5/17/25,HMRC PAYE,99296.17,","
8/12/22,DHL EXPRESS,61216.08,","
2/22/20,PACKAGING SUPPLIES DIRECT,25880.51,","
6/12/25,GUSTO,98234.58,","
7/25/25,SHELL,3026.65,","
10/4/23,HMRC PAYE,75835.04,","
10/17/22,TIKTOK ADS,10420.81,","
1/31/21,PACKAGING SUPPLIES DIRECT,2680655.43,","
8/13/21,HMRC PAYE,45098.18,","
10/26/25,MICROSOFT 365,2006.3,","
2/4/26,MICROSOFT 365,80085.82,","
7/8/25,UBER,58353.52,","
4/2/24,GUSTO,86155.54,","
2/17/21,TIKTOK ADS,2952.35,","
11/20/24,DHL EXPRESS,66911.69,","
4/24/20,ALIBABA.COM,3965470.53,","
5/8/23,REGUS,52908.63,","
12/7/24,STRIPE PAYMENTS,13607.19,","
10/17/20,PACKAGING SUPPLIES DIRECT,96517.13,","
7/1/21,UBER,25110.43,","
7/23/22,REGUS,52575.2,","
11/23/20,GOOGLE ADS,34653.09,","
6/13/21,SHOPIFY PAYOUT,24048.68,","
6/21/23,PACKAGING SUPPLIES DIRECT,2654463.12,","
7/16/21,META ADS,39857.01,","
8/29/21,ALIBABA.COM,68297.65,","
2/29/20,ROYAL MAIL,37076,","
12/28/25,AMAZON,39290.43,","
1/27/24,STAPLES,84738.32,","
3/31/23,BRITISH GAS,3317.63,","
5/20/21,SLACK,35491.99,","
11/2/24,MICROSOFT 365,38509.61,","
3/25/21,ALIBABA.COM,63744.62,","
9/21/22,GUSTO,28239.17,","
8/30/20,MICROSOFT 365,91204.51,","
10/18/24,HMRC VAT,75641.73,","
5/9/23,ALIBABA.COM,45170.47,","
3/24/24,SHOPIFY PAYOUT,53084.65,","
4/16/21,DHL EXPRESS,89642.92,","
4/5/20,SHOPIFY PAYOUT,8111628.75,","
4/7/20,ALIBABA.COM,67299.66,","
3/9/24,MICROSOFT 365,46347.43,","
12/7/24,ALIBABA.COM,83491.04,","
6/18/23,TIKTOK ADS,63030.43,","
9/26/23,GUSTO,39639.52,","
10/5/25,SHOPIFY PAYOUT,39755.14,","
10/8/20,REGUS,42697.04,","
7/30/21,STAPLES,3023365.49,","
10/11/24,SHOPIFY PAYOUT,24429.49,","
3/4/25,AMAZON,89879.07,","
11/16/20,ALIBABA.COM,37349.85,","
1/15/25,GOOGLE ADS,91448.17,","
6/18/24,STAPLES,62672.27,","
1/26/25,ADOBE CREATIVE CLOUD,8849.21,","
5/6/24,STRIPE PAYMENTS,67686.4,","
10/13/24,HMRC PAYE,6803332.36,","
2/2/22,UBER,6056.29,","
7/29/20,DHL EXPRESS,67480.95,","
7/30/23,STAPLES,39474.08,","
7/26/20,STAPLES,56554.52,","
6/9/24,SLACK,74412.45,","
11/9/22,STRIPE PAYMENTS,58938.88,","
1/30/24,PACKAGING SUPPLIES DIRECT,92158.02,","
1/28/24,DHL EXPRESS,117906.37,","
7/12/22,ALIBABA.COM,28374.89,","
11/24/25,STRIPE PAYMENTS,67680.61,","
12/23/25,ROYAL MAIL,54466.66,","
5/25/25,REGUS,64256.6,","
1/15/26,TIKTOK ADS,83402.61,","
5/3/24,ALIBABA.COM,25044.86,","
11/17/25,AMAZON,64910.53,","
1/4/24,ADOBE CREATIVE CLOUD,8091276.56,","
7/18/22,SHOPIFY PAYOUT,51853.56,","
6/6/23,REGUS,17451.03,","
2/3/20,UBER,99520.96,","
4/17/22,ROYAL MAIL,20135.32,","
7/10/25,ADOBE CREATIVE CLOUD,56486.21,","
2/8/21,REGUS,6809.38,","
4/10/25,BRITISH GAS,3477.02,","
11/29/22,STAPLES,7179285.81,","
12/8/24,AMAZON,90516.55,","
3/10/26,GOOGLE ADS,74343.1,","
11/7/20,GUSTO,88306.68,","
10/23/22,GUSTO,83280.86,","
7/19/25,SALES,18908.36,","
4/10/23,PACKAGING SUPPLIES DIRECT,66551.55,","
11/1/20,AMAZON,31751.29,","
7/22/20,DHL EXPRESS,2299464,","
8/25/22,ALIBABA.COM,5645.28,","
3/13/23,MICROSOFT 365,13572.52,","
10/31/22,ALIBABA.COM,9419.59,","
12/4/22,SHELL,28785.96,","
12/6/25,SHELL,73012.73,","
7/21/23,SALES,33391.6,","
2/1/23,PACKAGING SUPPLIES DIRECT,76296.26,","
7/15/21,SHOPIFY PAYOUT,5500812.11,","
3/3/24,META ADS,14440.39,","
7/1/22,STRIPE PAYMENTS,91563.48,","
7/21/24,SHOPIFY PAYOUT,4454.97,","
12/1/20,DHL EXPRESS,22357.13,","
1/16/22,HMRC PAYE,77945.5,","
6/8/23,DHL EXPRESS,67065.4,","
12/18/25,TIKTOK ADS,2410.22,","
4/21/25,STRIPE PAYMENTS,4192563.94,","
1/25/23,AMAZON,25422.53,","
3/3/24,UBER,43155.82,","
3/30/20,AMAZON,64285.66,","
11/16/25,SHELL,62137.95,","
1/10/21,AMAZON,38818.63,","
4/25/25,HMRC VAT,27414.02,","
12/12/20,HMRC PAYE,59572.59,","
4/10/25,ADOBE CREATIVE CLOUD,6681379.26,","
8/11/25,HMRC VAT,31555.23,","
2/8/21,REGUS,53053.33,","
5/9/22,ADOBE CREATIVE CLOUD,11455.04,","
4/17/22,META ADS,69942.28,","
2/4/21,DHL EXPRESS,66885.79,","
12/14/23,META ADS,14768.66,","
11/12/21,TIKTOK ADS,2598.11,","
9/5/23,HMRC PAYE,4815427.41,","
4/15/23,HMRC VAT,64041.77,","
7/17/25,STAPLES,44122.44,","
11/14/24,ADOBE CREATIVE CLOUD,15115.16,","
6/7/23,ADOBE CREATIVE CLOUD,64780.42,","
6/6/21,SHOPIFY PAYOUT,97007.77,","
11/28/22,AMAZON,50355.95,","
7/9/23,SALES,56445.03,","
8/19/23,UBER,7623708.81,","
6/15/22,ADOBE CREATIVE CLOUD,39715.11,","
12/10/22,SHOPIFY PAYOUT,96209.15,","
9/14/21,ADOBE CREATIVE CLOUD,56055.08,","
4/15/23,HMRC VAT,7016.78,","
11/29/23,HMRC VAT,73959.72,","
4/3/21,SLACK,46800.22,","
10/20/24,META ADS,90734.36,","
3/1/22,AMAZON,585230.12,","
8/6/25,GOOGLE ADS,18901.68,","
3/1/24,SHOPIFY PAYOUT,42096.23,","
9/8/23,HMRC VAT,64051.48,","
10/8/20,ALIBABA.COM,41131.01,","
7/5/24,GOOGLE ADS,78266.82,","
3/29/24,STAPLES,89510.98,","
4/18/23,BRITISH GAS,72782.95,","
3/29/22,SHELL,7693878.3,","
12/7/23,ROYAL MAIL,36402.89,","
6/13/23,MICROSOFT 365,30447.83,","
4/9/25,GUSTO,67107.23,","
11/20/25,SLACK,96770.34,","
4/8/25,DHL EXPRESS,1117.56,","
1/24/24,UBER,87779.51,","
7/4/23,GOOGLE ADS,69060.04,","
9/28/21,ADOBE CREATIVE CLOUD,5750142.41,","
8/6/22,ROYAL MAIL,96542.3,","
5/1/21,HMRC PAYE,66429.04,","
11/17/24,ROYAL MAIL,16576.16,","
6/12/21,REGUS,24970.71,","
5/23/21,STRIPE PAYMENTS,36989.16,","
3/27/20,DHL EXPRESS,53486.97,","
1/13/23,ALIBABA.COM,88108.87,","
6/19/21,ALIBABA.COM,698346.45,","
2/18/24,GUSTO,20640.63,","
5/18/22,ALIBABA.COM,11029.76,","
6/19/20,SHELL,29210.96,","
3/22/21,SALES,81757.84,","
7/18/20,SLACK,92375.98,","
11/7/25,HMRC PAYE,38871.79,","
3/4/21,STAPLES,12441.04,","
10/25/24,UBER,3605504.29,","
10/13/25,ROYAL MAIL,86987.42,","
6/10/24,SHOPIFY PAYOUT,8816.98,","
10/16/22,STRIPE PAYMENTS,97433.02,","
10/4/20,GUSTO,60271.45,","
10/23/24,UBER,38883.66,","
1/30/24,STRIPE PAYMENTS,41963.93,","
6/10/21,SLACK,22207.84,","
10/19/21,ADOBE CREATIVE CLOUD,6308130.76,","
11/12/22,GOOGLE ADS,38587.02,","
10/24/21,GUSTO,25983.21,","
7/24/22,REGUS,20412.35,","
8/19/20,PACKAGING SUPPLIES DIRECT,27914.16,","
1/30/21,AMAZON,13973.18,","
11/4/23,DHL EXPRESS,5684.24,","
3/3/24,GUSTO,34421.14,","
1/31/20,REGUS,5678959.28,","
9/11/23,SHOPIFY PAYOUT,33775.85,","
9/10/23,STAPLES,52056.23,","
1/25/22,UBER,89036.28,","
11/1/25,STRIPE PAYMENTS,7540.43,","
1/16/26,SHOPIFY PAYOUT,5058.55,","
4/16/21,DHL EXPRESS,30029.29,","
4/24/20,META ADS,79065.89,","
2/3/25,HMRC VAT,5411398.07,","
7/28/22,SALES,73382.59,","
2/9/25,ROYAL MAIL,90463.1,","
8/17/24,HMRC VAT,94001.78,","
8/18/21,ROYAL MAIL,94488.41,","
12/6/21,SHOPIFY PAYOUT,70113.02,","
11/3/25,HMRC VAT,89444.47,","
8/11/25,HMRC PAYE,4558.31,","
5/9/20,STAPLES,8441239.07,","
2/18/25,GOOGLE ADS,85976.29,","
8/7/22,DHL EXPRESS,80267.14,","
10/21/24,SHELL,40677.64,","
10/16/23,TIKTOK ADS,16613.27,","
2/17/21,ROYAL MAIL,55612.48,","
6/30/24,GOOGLE ADS,41961.61,","
10/18/20,HMRC PAYE,30017.65,","
1/5/25,ALIBABA.COM,7166075.16,","
7/8/22,META ADS,80531.28,","
7/7/22,ADOBE CREATIVE CLOUD,99894.72,","
8/12/24,SLACK,93760.79,","
6/23/24,ROYAL MAIL,74952.87,","
1/6/22,META ADS,76515.37,","
1/16/22,TIKTOK ADS,20321.19,","
3/3/25,ALIBABA.COM,64040.5,","
3/17/25,STAPLES,3335907.33,","
6/9/25,GUSTO,93881.66,","
12/5/22,GUSTO,72415.48,","
1/24/24,ROYAL MAIL,90327.79,","
11/4/23,GOOGLE ADS,5881.32,","
11/29/21,SALES,33576.46,","
3/16/23,META ADS,77907.93,","
3/4/25,TIKTOK ADS,30503.78,","
1/6/23,STRIPE PAYMENTS,6543116.38,","
7/17/25,HMRC VAT,31721.76,","
11/1/23,HMRC PAYE,66692.29,","
1/19/22,HMRC PAYE,62009.45,","
1/26/25,STAPLES,95360.53,","
11/30/24,SHELL,92656.01,","
12/5/20,GUSTO,8885.61,","
3/5/24,REGUS,74653.12,","
3/21/24,REGUS,3338655.49,","
4/1/20,UBER,43206.01,","
8/18/23,SHOPIFY PAYOUT,41622.3,","
3/4/23,ROYAL MAIL,75187.13,","
2/29/20,DHL EXPRESS,7511.75,","
6/17/22,SHELL,67827.94,","
5/13/24,ROYAL MAIL,28701.61,","
6/9/22,GOOGLE ADS,32896.19,","
1/8/23,GUSTO,2408741.96,","
10/3/20,ROYAL MAIL,83336.16,","
1/28/26,META ADS,30082.98,","
10/1/24,ADOBE CREATIVE CLOUD,37486.9,","
5/11/25,GOOGLE ADS,33083.45,","
10/19/25,DHL EXPRESS,86418.89,","
10/8/21,SLACK,21888.88,","
3/28/23,TIKTOK ADS,41884.79,","
5/14/22,GUSTO,8635820.67,","
2/2/21,SHELL,56940.66,","
1/31/23,UBER,11141.52,","
3/21/20,REGUS,14920.3,","
10/12/20,AMAZON,89058.08,","
3/7/21,SHELL,7446.11,","
6/8/23,STRIPE PAYMENTS,6659.16,","
7/2/21,DHL EXPRESS,85305.26,","
2/9/24,REGUS,5241363.99,","
3/26/20,META ADS,27772.06,","
4/7/25,ROYAL MAIL,29579.84,","
6/23/25,SHOPIFY PAYOUT,67045.8,","
1/4/24,ROYAL MAIL,46370.84,","
1/10/20,UBER,14416.43,","
5/3/21,PACKAGING SUPPLIES DIRECT,24522.27,","
2/7/23,SHELL,55796.85,","
4/2/24,SHELL,2810627.31,","
6/23/21,MICROSOFT 365,14055.6,","
7/23/23,AMAZON,60777.14,","
2/4/26,SLACK,26863.58,","
1/4/24,HMRC PAYE,15139.18,","
5/2/22,STRIPE PAYMENTS,57066.93,","
4/6/24,BRITISH GAS,12688.36,","
10/27/23,ADOBE CREATIVE CLOUD,66470.74,","
9/1/21,BRITISH GAS,3131246.7,","
1/27/26,REGUS,26666.76,","
3/25/22,SHOPIFY PAYOUT,70173.02,","
4/26/21,SALES,41832.03,","
11/23/21,GUSTO,93962.16,","
1/19/20,META ADS,90898.93,","
9/30/22,ROYAL MAIL,12168.59,","
12/16/21,SALES,75258.45,","
10/30/21,ADOBE CREATIVE CLOUD,1011286.13,","
2/19/25,REGUS,53118.7,","
5/27/24,META ADS,95757.46,","
11/9/22,META ADS,86987.21,","
6/13/23,ROYAL MAIL,72300.64,","
1/4/24,ROYAL MAIL,61501.45,","
9/7/25,HMRC VAT,13660.82,","
10/11/20,SHOPIFY PAYOUT,55165.36,","
12/26/20,SLACK,8180966.99,","
12/20/24,SHELL,85548.61,","
1/27/20,UBER,89402.29,","
1/22/22,GUSTO,92822.16,","
4/2/23,PACKAGING SUPPLIES DIRECT,51304.98,","
11/8/24,SLACK,29494.72,","
3/17/21,DHL EXPRESS,32214.25,","
10/14/24,STRIPE PAYMENTS,84679.28,","
2/14/26,SHELL,7004268.21,","
11/18/25,GOOGLE ADS,14320.42,","
1/26/24,UBER,50572.02,","
8/23/25,TIKTOK ADS,37469.14,","
2/9/21,STRIPE PAYMENTS,86941.03,","
3/3/26,BRITISH GAS,10190.57,","
4/7/23,HMRC PAYE,4617.18,","
7/16/25,UBER,26239.43,","
1/9/24,STAPLES,1415144.02,","
12/22/23,HMRC VAT,38630.98,","
2/22/21,REGUS,9178.07,","
11/30/24,ADOBE CREATIVE CLOUD,56690,","
1/18/24,SALES,15486.15,","
12/3/23,SALES,31297.27,","
3/17/22,HMRC PAYE,16091.1,","
1/26/24,SALES,4224.83,","
1/12/25,ALIBABA.COM,493396.97,","
3/23/25,META ADS,87038.67,","
8/29/23,ADOBE CREATIVE CLOUD,34494.58,","
10/14/20,TIKTOK ADS,9229.6,","
1/13/20,META ADS,56931.44,","
6/9/23,DHL EXPRESS,96606.87,","
5/26/23,SHELL,64029.07,","
5/4/21,STRIPE PAYMENTS,85527.57,","
8/23/25,AMAZON,3876103.91,","
7/13/20,ROYAL MAIL,70669.02,","
11/11/22,TIKTOK ADS,55945.22,","
10/7/23,META ADS,68810.43,","
2/5/22,STAPLES,86030.18,","
1/23/21,GOOGLE ADS,30587.89,","
12/10/25,UBER,96380.18,","
6/29/24,ROYAL MAIL,77525.44,","
6/8/20,HMRC PAYE,4882034.93,","
6/7/22,REGUS,39269.51,","
8/10/25,GUSTO,97364.22,","
3/4/25,HMRC VAT,37929.59,","
12/22/22,ADOBE CREATIVE CLOUD,88926.2,","
11/10/25,AMAZON,43786.02,","
7/5/23,SHELL,17156.55,","
6/24/24,PACKAGING SUPPLIES DIRECT,59370.88,","
8/28/24,STRIPE PAYMENTS,8127540.55,","
3/29/22,ROYAL MAIL,57563.06,","
8/12/25,REGUS,89109.29,","
5/6/23,GOOGLE ADS,66753.33,","
4/16/21,SALES,89018.24,","
12/18/21,TIKTOK ADS,23448.42,","
1/12/25,STRIPE PAYMENTS,87082.7,","
9/20/20,DHL EXPRESS,98735.2,","
6/9/22,PACKAGING SUPPLIES DIRECT,9579210.3,","
9/27/25,STRIPE PAYMENTS,84842.47,","
5/19/21,SALES,44646.5,","
2/20/26,META ADS,52876.69,","
7/14/24,STRIPE PAYMENTS,66498.63,","
10/11/21,SALES,24572.66,","
11/12/22,STAPLES,40318.5,","
7/27/20,AMAZON,42836.11,","
4/10/25,TIKTOK ADS,135467.55,","
12/31/25,HMRC VAT,24420.92,","
4/28/23,META ADS,3660.5,","
3/13/26,STRIPE PAYMENTS,6076.23,","
1/21/25,BRITISH GAS,18913.6,","
6/9/20,STRIPE PAYMENTS,90306.75,","
2/5/22,SHOPIFY PAYOUT,41300.53,","
1/5/20,SHOPIFY PAYOUT,34178.05,","
7/7/24,STAPLES,6717989.22,","
5/10/22,HMRC PAYE,31964.78,","
12/6/20,META ADS,4516.38,","
10/20/24,ADOBE CREATIVE CLOUD,84663.85,","
1/31/21,GUSTO,28145.85,","
10/19/24,SHELL,91855.91,","
6/14/23,SHELL,6927.31,","
4/17/23,GUSTO,32032.32,","
1/23/26,SHELL,6934124.54,","
12/12/20,DHL EXPRESS,49276.75,","
9/30/23,STAPLES,94366.57,","
10/26/24,UBER,58938.14,","
4/7/23,ROYAL MAIL,27109.3,","
9/22/21,BRITISH GAS,919.56,","
6/1/24,PACKAGING SUPPLIES DIRECT,19709.15,","
6/17/22,ALIBABA.COM,72788.47,","
5/13/23,UBER,6755043.53,","
10/14/21,ROYAL MAIL,78518.74,","
11/5/23,HMRC VAT,61040.37,","
6/14/22,GUSTO,66979.87,","
1/30/22,SALES,83343.81,","
4/15/20,REGUS,19620.95,","
12/20/23,AMAZON,33119.93,","
1/17/24,STRIPE PAYMENTS,9212.42,","
11/18/20,SALES,8499895.62,","
4/30/22,BRITISH GAS,74821.41,","
5/24/23,STRIPE PAYMENTS,14917.26,","
3/26/22,BRITISH GAS,61658.98,","
2/15/25,PACKAGING SUPPLIES DIRECT,63973.48,","
5/12/20,ALIBABA.COM,95192.49,","
2/17/20,ROYAL MAIL,1095.6,","
7/5/25,SHOPIFY PAYOUT,35361.23,","
7/20/21,BRITISH GAS,6248887.16,","
1/20/26,MICROSOFT 365,2575.27,","
8/25/24,DHL EXPRESS,90430,","
6/22/20,SHELL,74837.48,","
12/2/23,TIKTOK ADS,7620.26,","
12/18/20,MICROSOFT 365,72932.88,","
6/9/24,ADOBE CREATIVE CLOUD,78523.8,","
7/22/20,SHOPIFY PAYOUT,16641.73,","
7/7/20,SHOPIFY PAYOUT,4669129.33,","
12/12/25,SALES,70158.11,","
10/27/24,STRIPE PAYMENTS,94207.9,","
4/1/25,GUSTO,48950.64,","
1/22/22,GOOGLE ADS,63139.81,","
2/23/22,ADOBE CREATIVE CLOUD,15359.51,","
3/17/25,HMRC VAT,98556.12,","
2/18/22,DHL EXPRESS,11513.98,","
10/12/24,STRIPE PAYMENTS,7605863.21,","
8/26/20,GOOGLE ADS,15635.53,","
12/2/24,ROYAL MAIL,22225.89,","
12/25/21,HMRC VAT,51045.3,","
5/13/21,META ADS,64470.83,","
5/11/20,DHL EXPRESS,62309.45,","
12/24/23,AMAZON,73668.96,","
9/24/24,BRITISH GAS,75632.84,","
6/18/23,HMRC PAYE,2273943.78,","
10/11/23,SLACK,64097.23,","
9/7/25,ADOBE CREATIVE CLOUD,59002.28,","
12/16/20,GOOGLE ADS,40535.5,","
7/12/21,DHL EXPRESS,40488.1,","
3/2/26,SLACK,92173.3,","
1/15/24,META ADS,26770.16,","
2/22/21,MICROSOFT 365,40040.76,","
3/6/23,SHOPIFY PAYOUT,8571186.21,","
6/8/23,HMRC VAT,98650.95,","
3/3/22,ALIBABA.COM,3046.29,","
9/6/21,GUSTO,50935.3,","
12/9/23,STAPLES,75213.28,","
8/5/21,STRIPE PAYMENTS,11316.29,","
5/18/23,BRITISH GAS,30266.97,","
2/13/26,HMRC VAT,12763.29,","
4/25/21,HMRC PAYE,6154481.53,","
4/17/25,SALES,82044.79,","
10/2/23,ROYAL MAIL,26696.27,","
4/7/24,STRIPE PAYMENTS,11830.41,","
7/25/22,ALIBABA.COM,9657.55,","
8/13/22,STRIPE PAYMENTS,73675.23,","
12/8/24,MICROSOFT 365,82901.28,","
5/1/20,GOOGLE ADS,16128.69,","
10/12/22,BRITISH GAS,2805328.09,","
9/27/23,DHL EXPRESS,5929.96,","
9/7/20,HMRC PAYE,78677.72,","
3/19/24,MICROSOFT 365,12879.05,","
12/22/20,ALIBABA.COM,43575.23,","
12/23/20,STRIPE PAYMENTS,91407.91,","
2/22/20,STAPLES,54955.02,","
4/30/24,MICROSOFT 365,11688.63,","
3/24/25,REGUS,282926.51,","
3/15/26,DHL EXPRESS,40156.96,","
10/11/21,HMRC VAT,96291.51,","
3/12/25,SHOPIFY PAYOUT,81437.94,","
3/2/24,STRIPE PAYMENTS,69344.38,","
11/22/23,DHL EXPRESS,10685.03,","
6/9/25,ROYAL MAIL,77801.39,","
1/25/23,STAPLES,55433.55,","
6/15/24,STRIPE PAYMENTS,5981536.56,","
8/24/23,UBER,10942.99,","
10/2/21,HMRC PAYE,88115.41,","
7/29/25,ALIBABA.COM,59076.01,","
8/11/25,REGUS,48720.98,","
11/3/21,ROYAL MAIL,14412.12,","
12/11/20,HMRC PAYE,51124.99,","
10/3/24,HMRC VAT,46519.56,","
11/27/24,MICROSOFT 365,2779401.09,","
1/24/21,GUSTO,75574.31,","
1/18/22,BRITISH GAS,79795.26,","
10/3/24,PACKAGING SUPPLIES DIRECT,71477.6,","
2/5/26,HMRC PAYE,80104.62,","
9/2/21,GOOGLE ADS,77774.28,","
1/19/24,SALES,60318.26,","
10/7/25,SALES,99078.59,","
1/22/23,SLACK,1206681.88,","
4/14/24,ALIBABA.COM,50696.71,","
6/14/20,ROYAL MAIL,79826.22,","
12/9/20,META ADS,48140.01,","
10/27/23,SALES,35722.12,","
9/22/20,MICROSOFT 365,58390.23,","
1/16/24,UBER,13904.83,","
6/26/22,TIKTOK ADS,12927.72,","
3/13/20,ALIBABA.COM,1394600.6,","
1/4/21,META ADS,21475.03,","
5/11/20,PACKAGING SUPPLIES DIRECT,45460.66,","
12/3/23,HMRC PAYE,42256.79,","
2/21/25,HMRC PAYE,69567.08,","
9/27/23,GUSTO,21565.64,","
3/24/26,SHELL,18181.93,","
4/29/25,SHOPIFY PAYOUT,17492.07,","
7/9/20,REGUS,8758423.39,","
2/15/22,META ADS,12460.83,","
6/21/24,PACKAGING SUPPLIES DIRECT,45301.32,","
3/13/23,SHELL,46578.09,","
9/1/21,SHOPIFY PAYOUT,45588.13,","
11/25/21,STAPLES,49047.1,","
3/4/23,HMRC PAYE,93761.21,","
9/12/24,ADOBE CREATIVE CLOUD,73062.81,","
5/23/24,MICROSOFT 365,7928594.01,","
4/3/25,ROYAL MAIL,72878.98,","
5/29/24,HMRC VAT,65515.49,","
7/9/20,PACKAGING SUPPLIES DIRECT,13861.72,","
9/13/22,GUSTO,59311.27,","
1/22/25,AMAZON,26698.46,","
6/2/23,BRITISH GAS,81556.97,","
3/17/25,REGUS,15844.51,","
6/2/23,BRITISH GAS,8542721.91,","
3/22/26,AMAZON,70720.68,","
9/22/21,DHL EXPRESS,68312.21,","
7/22/25,AMAZON,93221.43,","
8/11/25,REGUS,91338.59,","
2/6/24,UBER,63723.1,","
3/10/23,AMAZON,79035.58,","
4/2/23,DHL EXPRESS,26743.31,","
6/25/23,STAPLES,4491385.62,","
6/22/25,BRITISH GAS,42649.36,","
3/5/26,SHOPIFY PAYOUT,74121.5,","
6/12/21,SALES,53936.6,","
2/14/21,SLACK,60549.32,","
8/10/23,ROYAL MAIL,63530.56,","
6/21/25,STRIPE PAYMENTS,8011.07,","
6/14/22,STAPLES,85968.39,","
11/8/25,DHL EXPRESS,464919.21,","
9/1/24,HMRC PAYE,87259.02,","
2/16/24,ROYAL MAIL,5388.75,","
3/1/24,GUSTO,74577.23,","
5/4/23,SHELL,59795.61,","
1/18/22,REGUS,29494.74,","
4/27/25,STAPLES,74759.65,","
4/13/24,TIKTOK ADS,7295.12,","
1/15/26,HMRC VAT,421823.52,","
1/2/26,SALES,57846.26,","
6/14/24,UBER,46130.56,","
2/11/25,REGUS,9288.47,","
11/1/22,GUSTO,75775.46,","
10/16/22,DHL EXPRESS,5011.37,","
8/17/21,SALES,96280.52,","
12/3/23,SLACK,99709.83,","
8/24/21,GOOGLE ADS,5983928.29,","
7/12/22,GUSTO,92879.75,","
2/14/26,SALES,1430.81,","
4/6/22,HMRC VAT,1423.79,","
1/11/22,DHL EXPRESS,34146.71,","
8/30/20,UBER,81681.93,","
9/9/20,GOOGLE ADS,50735.71,","
7/30/21,UBER,26433.95,","
8/18/23,DHL EXPRESS,2479430.08,","
6/14/22,SLACK,34393.25,","
10/5/20,GUSTO,27370.19,","
12/25/21,STAPLES,94230.07,","
3/21/20,META ADS,41932.62,","
8/26/25,SHOPIFY PAYOUT,34240.82,","
3/20/20,AMAZON,63147.83,","
7/13/23,GOOGLE ADS,27132.17,","
1/7/21,ADOBE CREATIVE CLOUD,1333639.94,","
3/21/23,PACKAGING SUPPLIES DIRECT,74017.54,","
9/24/23,AMAZON,66067.89,","
6/8/24,TIKTOK ADS,91718.53,","
5/10/24,STRIPE PAYMENTS,75714.63,","
4/16/22,SHOPIFY PAYOUT,26191.5,","
9/21/21,HMRC VAT,24485.36,","
8/16/22,STAPLES,8476.57,","
10/11/20,HMRC PAYE,7762896.81,","
10/21/21,STAPLES,8170.31,","
8/19/22,GUSTO,60745.33,","
12/28/22,REGUS,60444.57,","
7/20/21,HMRC PAYE,33696.63,","
4/29/23,MICROSOFT 365,48967.69,","
5/26/24,STRIPE PAYMENTS,2348.18,","
8/28/24,ALIBABA.COM,72947.67,","
12/22/21,GOOGLE ADS,233510.7,","
1/3/26,AMAZON,22785.33,","
9/16/22,GUSTO,57175.88,","
5/29/22,REGUS,90028.15,","
3/12/20,PACKAGING SUPPLIES DIRECT,99222.28,","
5/8/25,TIKTOK ADS,96926.56,","
12/18/24,STAPLES,7642.76,","
9/24/21,SHOPIFY PAYOUT,83184.08,","
3/7/21,ROYAL MAIL,9103574.69,","
4/6/25,DHL EXPRESS,56444.3,","
3/8/23,MICROSOFT 365,85948.66,","
4/16/23,PACKAGING SUPPLIES DIRECT,7096.7,","
9/11/22,BRITISH GAS,53678.51,","
11/8/23,MICROSOFT 365,26171.68,","
10/2/25,META ADS,15885.61,","
6/16/22,GUSTO,79571.43,","
10/7/25,HMRC PAYE,8127223.8,","
1/30/23,TIKTOK ADS,23516.28,","
2/8/23,REGUS,49353.12,","
7/30/23,UBER,22487.41,","
2/27/21,HMRC PAYE,4692.99,","
7/11/23,DHL EXPRESS,61721.4,","
8/29/22,SHOPIFY PAYOUT,6028.84,","
5/22/24,SLACK,87380.77,","
12/21/21,ALIBABA.COM,7163392.57,","
12/1/22,REGUS,54158.92,","
4/23/21,PACKAGING SUPPLIES DIRECT,10544.3,","
2/29/20,META ADS,40838.72,","
3/6/21,HMRC VAT,85943.65,","
8/13/23,SALES,60801.29,","
1/20/22,META ADS,59568.63,","
1/4/23,SHELL,68014.25,","
6/28/21,SHOPIFY PAYOUT,6849963.61,","
8/15/21,PACKAGING SUPPLIES DIRECT,14795.39,","
5/5/20,STAPLES,8403.59,","
1/7/23,HMRC VAT,43297.81,","
10/8/22,HMRC PAYE,29038.53,","
9/12/20,AMAZON,25350.36,","
1/5/25,TIKTOK ADS,43823.24,","
1/17/26,STAPLES,64996.56,","
8/19/21,BRITISH GAS,1804105.05,","
8/12/21,REGUS,90605.08,","
9/27/21,SHOPIFY PAYOUT,37893.1,","
12/7/22,SHELL,37986.01,","
8/18/21,SHOPIFY PAYOUT,60009.55,","
8/11/22,ALIBABA.COM,41814.8,","
2/6/23,SHOPIFY PAYOUT,84081.77,","
9/10/21,SHOPIFY PAYOUT,1994.95,","
10/8/25,ROYAL MAIL,233945.83,","
11/11/23,AMAZON,92052.87,","
3/19/23,MICROSOFT 365,19948.77,","
6/9/25,GOOGLE ADS,21852.51,","
1/5/21,AMAZON,72184.76,","
9/1/22,GOOGLE ADS,95930.09,","
1/4/22,SALES,46866.09,","
5/31/25,ALIBABA.COM,99908.56,","
1/17/26,MICROSOFT 365,4726319.57,","
8/13/24,UBER,65756.47,","
6/28/23,PACKAGING SUPPLIES DIRECT,29056.4,","
6/19/20,ADOBE CREATIVE CLOUD,52026.12,","
2/23/22,SALES,1834.12,","
4/8/20,SHELL,36937.57,","
2/15/23,ROYAL MAIL,34124.85,","
10/29/21,MICROSOFT 365,16474.16,","
6/15/25,PACKAGING SUPPLIES DIRECT,1564299.73,","
9/14/24,ADOBE CREATIVE CLOUD,0.39,","
5/12/20,GOOGLE ADS,38259.73,","
3/15/26,GUSTO,29561.45,","
1/4/24,UBER,38098.53,","
12/8/21,DHL EXPRESS,32809.71,","
12/2/20,REGUS,25287.46,","
7/10/24,HMRC VAT,82599.74,","
2/14/20,MICROSOFT 365,2071554.95,","
7/27/23,DHL EXPRESS,79521.88,","
12/17/25,HMRC PAYE,17356.58,","
12/22/23,MICROSOFT 365,44623.94,","
8/5/21,SHOPIFY PAYOUT,60305.08,","
3/10/21,DHL EXPRESS,89571.47,","
2/22/22,GUSTO,80446.15,","
9/18/22,SLACK,92550.82,","
1/5/25,REGUS,3045194.42,","
8/31/21,SHOPIFY PAYOUT,40406.89,","
5/9/24,GUSTO,67669.1,","
8/23/23,STRIPE PAYMENTS,66101.25,","
12/28/21,UBER,24352.69,","
5/30/23,ALIBABA.COM,53396.06,","
9/4/25,STAPLES,32450.74,","
1/22/22,HMRC VAT,38202.16,","
10/8/24,SHELL,3824839.06,","
11/22/20,STRIPE PAYMENTS,36523.67,","
9/16/25,MICROSOFT 365,32762.66,","
7/6/22,DHL EXPRESS,22445.05,","
1/4/20,GOOGLE ADS,4347.65,","
12/26/21,GOOGLE ADS,55126.31,","
2/21/20,HMRC VAT,32383.71,","
8/7/24,STRIPE PAYMENTS,62944.12,","
1/16/20,STAPLES,8487703.11,","
2/2/23,AMAZON,15590.41,","
7/25/20,ADOBE CREATIVE CLOUD,99866.02,","
1/26/22,STAPLES,27619.02,","
12/13/22,SLACK,77461.22,","
4/30/25,META ADS,42665.4,","
6/18/20,REGUS,89640.62,","
3/14/23,REGUS,58628.07,","
2/7/26,META ADS,7086547.89,","
6/30/22,SHOPIFY PAYOUT,93187.7,","
4/30/25,ALIBABA.COM,37027.9,","
10/29/25,MICROSOFT 365,95590.12,","
3/17/23,PACKAGING SUPPLIES DIRECT,99971.95,","
6/6/20,REGUS,43327.73,","
12/6/21,DHL EXPRESS,98845.29,","
2/22/21,DHL EXPRESS,67998.01,","
6/29/25,AMAZON,7210927.72,","
11/25/24,GOOGLE ADS,91110.97,","
4/12/22,ROYAL MAIL,23569.51,","
3/16/20,HMRC PAYE,31916.57,","
11/19/23,PACKAGING SUPPLIES DIRECT,22909.83,","
3/29/22,SHELL,79054.1,","
1/30/23,GOOGLE ADS,45887.47,","
6/27/22,HMRC PAYE,76441.18,","
8/28/21,SLACK,5365495.85,","
9/15/20,STRIPE PAYMENTS,44930.04,","
12/23/20,BRITISH GAS,2962.73,","
6/6/21,ALIBABA.COM,45069.25,","
12/10/21,STRIPE PAYMENTS,37472.7,","
6/10/23,TIKTOK ADS,19865.1,","
4/1/23,DHL EXPRESS,80533.22,","
12/26/24,ROYAL MAIL,938.58,","
8/31/21,ROYAL MAIL,8406648.51,","
6/9/24,UBER,12900.69,","
1/29/23,SLACK,82362.16,","
5/20/25,ADOBE CREATIVE CLOUD,16009.76,","
7/29/20,ADOBE CREATIVE CLOUD,33338.19,","
12/2/21,ALIBABA.COM,39181.53,","
12/3/21,SALES,62671.81,","
3/17/24,GUSTO,40614.73,","
3/17/25,HMRC VAT,7300027.65,","
1/5/23,STAPLES,23850.76,","
2/17/26,SLACK,7197.07,","
1/9/22,ROYAL MAIL,69640.09,","
12/14/20,GOOGLE ADS,44024.39,","
3/6/21,SHOPIFY PAYOUT,73221.59,","
9/14/21,BRITISH GAS,55614.97,","
9/19/24,GOOGLE ADS,63049.97,","
7/13/22,MICROSOFT 365,9901275.26,","
9/7/25,GOOGLE ADS,52879.42,","
8/17/24,SLACK,87233.82,","
5/1/21,UBER,96559.51,","
12/22/25,STRIPE PAYMENTS,56147.96,","
10/22/21,AMAZON,88756.25,","
9/18/25,HMRC VAT,67144.95,","
1/30/23,TIKTOK ADS,79960.31,","
10/6/23,SALES,5882819.99,","
5/24/24,GOOGLE ADS,5541.47,","
9/8/20,ALIBABA.COM,47002.45,","
1/31/26,ADOBE CREATIVE CLOUD,66402.83,","
9/14/24,UBER,57905.41,","
3/15/22,STRIPE PAYMENTS,31939.19,","
5/1/24,TIKTOK ADS,59631.99,","
11/25/22,HMRC VAT,82046.91,","
5/10/24,SHOPIFY PAYOUT,2692288.93,","
12/16/25,TIKTOK ADS,55025.24,","
3/27/21,META ADS,26386.84,","
11/5/25,AMAZON,79086.24,","
2/20/25,BRITISH GAS,49541.32,","
9/9/25,SHELL,37973.81,","
5/5/23,REGUS,98459.05,","
1/18/22,SALES,96549.54,","
1/10/22,META ADS,2002679.67,","
8/19/24,SHELL,54810.07,","
3/5/26,ADOBE CREATIVE CLOUD,73463.1,","
8/17/25,SHELL,18082.45,","
11/10/24,GUSTO,37652.24,","
1/9/22,HMRC VAT,70763.83,","
8/2/20,REGUS,88777.05,","
8/7/24,STRIPE PAYMENTS,53853.85,","
7/10/22,MICROSOFT 365,1068597.81,","
1/17/22,UBER,2427.13,","
1/22/21,UBER,43005.67,","
3/13/26,DHL EXPRESS,66868.1,","
4/7/22,GOOGLE ADS,9286.66,","
5/5/23,UBER,91313.51,","
1/10/22,TIKTOK ADS,18780.52,","
4/20/20,REGUS,19766.89,","
1/10/25,SHOPIFY PAYOUT,4754738.15,","
1/13/20,ADOBE CREATIVE CLOUD,45945.08,","
1/27/22,ALIBABA.COM,14402.15,","
4/2/22,STAPLES,21007.82,","
3/30/20,META ADS,7837.21,","
3/30/23,GOOGLE ADS,73734.37,","
7/10/25,ROYAL MAIL,13345.66,","
11/18/21,HMRC PAYE,69149.84,","
12/31/20,GOOGLE ADS,8227053.71,","
12/24/22,ALIBABA.COM,99019.12,","
2/23/25,STAPLES,36263.24,","
12/27/23,TIKTOK ADS,82433.12,","
9/25/23,BRITISH GAS,47428.75,","
11/14/23,STAPLES,94267.49,","
9/10/23,SHELL,92361.78,","
11/28/24,ADOBE CREATIVE CLOUD,96881.33,","
4/24/20,PACKAGING SUPPLIES DIRECT,8883802.26,","
11/8/20,STRIPE PAYMENTS,35443.93,","
2/16/20,UBER,69448.21,","
11/28/20,ADOBE CREATIVE CLOUD,51548.45,","
4/24/23,AMAZON,23773.65,","
7/15/23,HMRC VAT,10750.79,","
6/26/25,SALES,33246.8,","
12/4/24,HMRC PAYE,5434.29,","
2/6/25,AMAZON,103916.96,","
12/20/20,AMAZON,44440.12,","
9/7/20,REGUS,66994.71,","
11/25/21,GOOGLE ADS,23551.34,","
12/19/21,ADOBE CREATIVE CLOUD,65764,","
5/25/24,DHL EXPRESS,78083.06,","
3/30/20,AMAZON,19508.18,","
2/15/24,SHELL,95070.42,","
7/3/25,SALES,5462510.74,","
10/16/20,ADOBE CREATIVE CLOUD,34113.57,","
12/7/24,GOOGLE ADS,56380.43,","
5/14/24,ADOBE CREATIVE CLOUD,5039.89,","
7/1/23,SHOPIFY PAYOUT,73490.98,","
9/18/22,STRIPE PAYMENTS,99020.85,","
6/4/22,HMRC VAT,785.05,","
12/8/21,TIKTOK ADS,53605.42,","
7/13/20,SHELL,7258334.46,","
8/22/22,STRIPE PAYMENTS,18605.8,","
8/16/22,ALIBABA.COM,86057.59,","
8/9/25,AMAZON,93754.73,","
5/13/21,SHOPIFY PAYOUT,62610.07,","
5/21/20,META ADS,46855.9,","
6/26/20,GOOGLE ADS,9876.71,","
8/10/22,STAPLES,53216.9,","
11/27/20,ROYAL MAIL,6461542.51,","
6/1/22,REGUS,68742.46,","
1/28/23,STRIPE PAYMENTS,44542,","
4/13/21,BRITISH GAS,64764.85,","
4/30/20,STAPLES,45447.55,","
3/25/26,PACKAGING SUPPLIES DIRECT,6889.15,","
5/16/22,HMRC PAYE,38658.04,","
3/5/21,ALIBABA.COM,88976.85,","
6/30/20,ADOBE CREATIVE CLOUD,1226655.76,","
2/21/23,TIKTOK ADS,94633.61,","
1/8/21,SALES,57559.14,","
6/9/24,HMRC PAYE,13442.07,","
9/26/23,SALES,27263.22,","
11/21/23,STRIPE PAYMENTS,8181.48,","
8/19/21,SHELL,4693.17,","
11/30/22,TIKTOK ADS,23899.5,","
5/13/22,TIKTOK ADS,8627980.84,","
11/3/22,HMRC VAT,31535.44,","
1/2/21,AMAZON,85360.51,","
4/4/23,META ADS,56861.19,","
9/7/25,HMRC PAYE,51334.9,","
9/5/25,PACKAGING SUPPLIES DIRECT,23981.35,","
2/4/21,UBER,1287.32,","
2/17/20,SHOPIFY PAYOUT,50379.01,","
1/21/26,META ADS,5844655.09,","
12/12/22,HMRC PAYE,38631.19,","
5/15/21,TIKTOK ADS,45771.45,","
1/14/21,BRITISH GAS,79748.23,","
9/1/22,BRITISH GAS,2742.3,","
2/22/21,ALIBABA.COM,47020.8,","
10/13/24,DHL EXPRESS,96197.58,","
7/22/24,UBER,86366.89,","
12/16/22,ADOBE CREATIVE CLOUD,9385118.15,","
6/15/24,ADOBE CREATIVE CLOUD,66193.7,","
1/25/20,STRIPE PAYMENTS,21351.85,","
4/22/22,UBER,52265.64,","
5/22/20,STRIPE PAYMENTS,75125.98,","
3/13/26,ADOBE CREATIVE CLOUD,83453.86,","
7/15/25,HMRC PAYE,83703.45,","
7/5/21,BRITISH GAS,34832.09,","
12/30/23,ALIBABA.COM,2596557.68,","
2/5/20,ALIBABA.COM,73562.17,","
10/3/23,BRITISH GAS,90652.58,","
11/10/23,UBER,30821.05,","
11/9/25,ALIBABA.COM,10208.53,","
2/5/25,META ADS,32068.24,","
10/21/25,ALIBABA.COM,90618.87,","
10/12/24,REGUS,85126.91,","
8/23/25,META ADS,2485055.55,","
3/30/22,HMRC PAYE,53004.16,","
9/3/24,ALIBABA.COM,45.22,","
1/19/25,STRIPE PAYMENTS,38400.8,","
1/24/24,HMRC PAYE,62231.51,","
4/29/22,GUSTO,82288.2,","
3/20/23,TIKTOK ADS,54159.41,","
3/30/25,AMAZON,91486.6,","
12/11/21,SHELL,6462032.69,","
4/10/23,BRITISH GAS,58784,","
5/17/24,UBER,10805.32,","
11/20/22,SALES,55075.14,","
2/20/21,STRIPE PAYMENTS,3986.26,","
2/24/20,DHL EXPRESS,81402.37,","
11/5/20,ALIBABA.COM,96335.06,","
11/14/24,SHOPIFY PAYOUT,38742.78,","
9/8/20,SALES,6386257.2,","
7/5/21,SHOPIFY PAYOUT,70274.8,","
3/10/21,ADOBE CREATIVE CLOUD,12465.63,","
2/8/23,HMRC VAT,7315.3,","
8/24/20,PACKAGING SUPPLIES DIRECT,16334.02,","
1/28/21,META ADS,81143.45,","
1/6/23,SALES,79821.26,","
10/9/24,SLACK,36941.69,","
4/1/25,BRITISH GAS,6634477.13,","
4/11/21,BRITISH GAS,40841.09,","
1/27/26,TIKTOK ADS,21707.91,","
7/7/25,META ADS,25589.36,","
5/23/25,ALIBABA.COM,14887.14,","
10/1/21,AMAZON,69968.82,","
8/11/25,STAPLES,73806.2,","
10/31/22,STAPLES,12771.67,","
2/26/20,META ADS,3577045.88,","
10/22/20,STAPLES,45612.95,","
11/6/24,AMAZON,50143.7,","
3/22/26,BRITISH GAS,83862.63,","
10/22/21,SHOPIFY PAYOUT,85892.43,","
5/5/20,ADOBE CREATIVE CLOUD,50596.72,","
3/22/22,STAPLES,18065.93,","
11/3/21,GOOGLE ADS,26912,","
7/19/25,SALES,1769228.68,","
3/18/22,MICROSOFT 365,31494.39,","
10/31/23,HMRC PAYE,44451.09,","
6/28/20,SHELL,78620.8,","
5/28/21,GOOGLE ADS,9421.93,","
5/26/25,ADOBE CREATIVE CLOUD,2616.67,","
3/3/20,ROYAL MAIL,82349.82,","
2/12/22,ROYAL MAIL,73084.49,","
6/20/20,UBER,1972425.82,","
10/16/20,ROYAL MAIL,71178.46,","
3/7/26,UBER,17070.27,","
1/22/22,ADOBE CREATIVE CLOUD,15149.13,","
1/8/26,SHELL,37799.17,","
9/27/23,STAPLES,59295.28,","
9/19/24,HMRC PAYE,96148.25,","